user_id,purpose_id,satellite_id
2,3,1
1,18,2
1,3,3
2,2,4
2,2,5
2,2,6
2,2,7
2,2,8
3,18,9
3,18,10
3,18,11
4,3,12
4,3,13
4,3,14
4,3,15
4,3,16
4,3,17
4,3,18
4,2,19
4,2,20
4,2,21
4,2,22
4,2,23
3,18,24
3,3,25
2,18,26
2,18,27
2,18,28
2,18,29
2,18,30
2,18,31
4,18,32
4,18,33
4,18,34
2,18,35
2,18,36
2,18,37
2,18,38
2,18,39
2,18,40
2,18,41
2,18,42
2,2,43
2,2,44
2,2,45
3,3,46
3,2,47
3,2,48
2,3,49
2,3,50
2,2,51
3,2,52
2,4,53
1,18,54
1,18,55
4,18,56
3,3,57
3,18,58
3,3,59
3,3,60
2,2,61
2,2,62
2,2,63
2,2,64
3,3,65
2,2,66
2,2,67
2,2,68
2,2,69
2,2,70
2,2,71
2,2,72
2,2,73
1,15,74
2,2,75
4,2,75
2,2,76
4,2,76
2,2,77
4,2,77
1,2,78
4,2,79
1,15,80
1,17,80
3,2,81
2,2,82
2,2,83
2,2,84
2,2,85
2,2,86
2,2,87
2,18,87
2,2,88
2,7,88
2,2,89
2,18,89
2,2,90
2,7,90
2,2,91
2,7,91
2,2,92
2,2,93
2,2,94
2,7,94
2,2,95
2,7,95
2,2,96
2,2,97
2,2,98
2,2,99
3,2,100
2,2,101
1,18,102
1,18,103
1,18,104
4,17,105
1,18,106
3,3,107
2,18,108
1,18,109
2,2,110
2,2,111
2,3,112
1,3,113
2,2,114
2,2,115
2,2,116
2,2,117
2,2,118
2,2,119
3,3,120
3,3,121
1,18,122
2,2,123
2,2,124
2,2,125
2,2,126
2,2,127
2,2,128
2,2,129
2,2,130
2,2,131
2,2,132
2,2,133
2,2,134
2,2,135
2,2,136
2,18,137
2,2,138
2,2,139
2,2,140
2,2,141
2,2,142
2,2,143
2,2,144
2,2,145
2,2,146
2,2,147
3,15,148
2,2,149
2,2,150
3,2,151
4,2,151
2,18,152
3,2,153
3,2,154
3,2,155
3,2,156
3,2,157
3,2,158
3,2,159
3,2,160
1,19,161
4,3,162
4,3,163
2,3,164
3,17,165
1,17,166
1,17,167
1,17,168
1,17,169
1,18,170
3,6,171
4,6,171
3,9,171
4,9,171
3,6,172
4,6,172
3,9,172
4,9,172
3,6,173
4,6,173
3,9,173
4,9,173
3,6,174
4,6,174
3,9,174
4,9,174
3,6,175
4,6,175
3,9,175
4,9,175
3,6,176
4,6,176
3,9,176
4,9,176
3,6,177
4,6,177
3,9,177
4,9,177
3,6,178
4,6,178
3,9,178
4,9,178
3,6,179
4,6,179
3,9,179
4,9,179
3,6,180
4,6,180
3,9,180
4,9,180
3,6,181
4,6,181
3,9,181
4,9,181
3,6,182
4,6,182
3,9,182
4,9,182
3,6,183
4,6,183
3,9,183
4,9,183
3,6,184
4,6,184
3,9,184
4,9,184
3,6,185
4,6,185
3,9,185
4,9,185
3,6,186
4,6,186
3,9,186
4,9,186
3,6,187
4,6,187
3,9,187
4,9,187
3,6,188
4,6,188
3,9,188
4,9,188
3,6,189
4,6,189
3,9,189
4,9,189
3,6,190
4,6,190
3,9,190
4,9,190
3,6,191
4,6,191
3,9,191
4,9,191
3,6,192
4,6,192
3,9,192
4,9,192
3,6,193
4,6,193
3,9,193
4,9,193
3,6,194
4,6,194
3,9,194
4,9,194
3,6,195
4,6,195
3,9,195
4,9,195
3,6,196
4,6,196
3,9,196
4,9,196
3,6,197
4,6,197
3,9,197
4,9,197
3,6,198
4,6,198
3,9,198
4,9,198
3,6,199
4,6,199
3,9,199
4,9,199
3,6,200
4,6,200
3,9,200
4,9,200
3,6,201
4,6,201
3,9,201
4,9,201
3,6,202
4,6,202
3,9,202
4,9,202
3,6,203
4,6,203
3,9,203
4,9,203
3,6,204
4,6,204
3,9,204
4,9,204
3,6,205
4,6,205
3,9,205
4,9,205
3,6,206
4,6,206
3,9,206
4,9,206
3,6,207
4,6,207
3,9,207
4,9,207
3,6,208
4,6,208
3,9,208
4,9,208
3,6,209
4,6,209
3,9,209
4,9,209
3,6,210
4,6,210
3,9,210
4,9,210
3,6,211
4,6,211
3,9,211
4,9,211
3,6,212
4,6,212
3,9,212
4,9,212
3,6,213
4,6,213
3,9,213
4,9,213
3,6,214
4,6,214
3,9,214
4,9,214
3,6,215
4,6,215
3,9,215
4,9,215
3,6,216
4,6,216
3,9,216
4,9,216
3,6,217
4,6,217
3,9,217
4,9,217
3,6,218
4,6,218
3,9,218
4,9,218
3,6,219
4,6,219
3,9,219
4,9,219
2,3,220
2,3,221
3,2,222
1,3,223
3,3,223
1,18,223
3,18,223
3,3,224
1,3,225
1,18,225
3,3,226
2,3,227
2,3,228
2,3,229
2,3,230
2,3,231
2,3,232
2,3,233
2,3,234
2,3,235
2,3,236
2,3,237
2,3,238
2,3,239
2,3,240
2,2,241
4,2,241
2,2,242
4,2,242
2,2,243
4,2,243
2,2,244
4,2,244
2,18,245
2,2,246
5,13,247
2,18,248
2,2,249
1,15,250
3,15,251
2,3,252
2,3,253
2,3,254
2,2,255
2,2,256
2,2,257
2,2,258
2,2,259
1,18,260
4,18,260
3,3,261
3,3,262
2,18,263
2,2,264
1,18,265
3,18,265
3,4,266
1,18,267
3,18,267
1,18,268
3,18,268
1,18,269
3,18,269
1,18,270
3,18,270
1,18,271
2,3,272
2,3,273
2,3,274
2,3,275
2,3,276
2,3,277
2,3,278
2,3,279
3,3,280
3,3,281
4,3,282
3,3,283
3,3,284
3,3,285
3,3,286
3,3,287
3,3,288
3,3,289
3,4,290
4,2,291
3,3,292
3,3,293
2,18,294
2,18,295
4,18,296
2,2,297
2,18,298
2,18,299
3,15,300
4,3,301
4,3,302
4,3,303
2,18,304
2,17,305
4,18,306
4,18,307
3,18,308
3,3,309
2,18,310
3,15,311
2,18,312
3,3,313
2,3,314
3,15,315
4,18,316
3,15,317
1,18,318
3,18,318
3,2,319
3,3,320
3,3,321
3,3,322
3,18,323
2,3,324
2,3,325
2,3,326
2,3,327
2,3,328
2,3,329
2,2,330
1,15,331
1,18,332
2,18,332
4,2,333
1,3,334
3,3,334
3,2,335
4,2,336
4,2,337
1,18,338
3,18,338
3,2,339
3,3,339
4,2,340
4,2,341
4,3,342
4,3,343
2,3,344
2,3,345
2,3,346
2,3,347
2,3,348
3,3,349
3,3,350
3,3,351
3,3,352
3,3,353
3,3,354
1,3,355
3,3,355
1,3,356
3,3,356
1,3,357
3,3,357
1,3,358
3,3,358
1,3,359
3,3,359
4,18,360
4,18,361
4,18,362
4,3,363
4,14,363
4,3,364
4,14,364
4,18,365
4,18,366
1,3,367
4,3,367
3,3,368
4,3,368
3,3,369
4,3,369
3,3,370
4,3,370
3,3,371
4,3,371
1,3,372
3,3,372
3,3,373
3,3,374
4,3,374
1,15,375
4,3,376
4,3,377
1,18,378
1,18,379
1,18,380
3,4,381
3,15,382
3,3,383
3,3,384
3,3,385
3,3,386
3,3,387
3,3,388
3,3,389
3,3,390
3,3,391
3,3,392
3,15,393
1,5,394
2,3,395
1,18,396
3,3,397
3,3,398
1,15,399
1,18,400
1,18,401
1,18,402
4,18,403
2,18,404
2,18,405
2,18,406
2,18,407
2,15,408
2,2,409
2,2,410
2,2,411
2,2,412
2,2,413
2,2,414
2,2,415
2,2,416
1,3,417
3,4,418
2,3,419
2,3,420
2,3,421
3,3,422
4,3,423
4,3,424
4,3,425
4,3,426
4,3,427
1,18,428
2,18,428
2,18,429
2,3,430
2,3,431
2,3,432
2,3,433
2,3,434
2,3,435
2,3,436
2,3,437
2,3,438
2,3,439
2,3,440
2,3,441
2,3,442
2,3,443
2,3,444
2,3,445
2,3,446
2,3,447
2,3,448
2,3,449
2,3,450
2,3,451
2,3,452
2,3,453
2,3,454
2,3,455
2,3,456
2,3,457
2,3,458
2,3,459
2,3,460
2,3,461
2,3,462
2,3,463
2,3,464
2,3,465
2,3,466
2,3,467
2,3,468
2,3,469
2,3,470
2,3,471
2,3,472
2,3,473
2,3,474
2,3,475
2,3,476
2,3,477
2,3,478
2,3,479
2,3,480
2,3,481
2,3,482
2,3,483
2,3,484
2,3,485
2,3,486
2,3,487
2,3,488
2,3,489
2,3,490
2,3,491
2,3,492
2,3,493
2,3,494
2,3,495
2,3,496
2,3,497
2,3,498
2,3,499
2,3,500
2,3,501
2,3,502
2,3,503
2,3,504
2,3,505
2,3,506
2,3,507
2,3,508
2,3,509
2,3,510
2,3,511
2,3,512
2,3,513
2,3,514
2,3,515
2,3,516
2,3,517
2,3,518
2,3,519
2,3,520
2,3,521
2,3,522
2,3,523
2,3,524
2,3,525
2,3,526
2,3,527
2,3,528
2,3,529
2,3,530
2,3,531
2,3,532
2,3,533
2,3,534
2,3,535
2,3,536
2,3,537
2,3,538
2,3,539
2,3,540
2,3,541
2,3,542
2,3,543
2,3,544
2,3,545
2,3,546
2,3,547
2,3,548
2,3,549
2,3,550
2,3,551
2,3,552
2,3,553
2,3,554
2,3,555
2,3,556
2,3,557
2,3,558
2,3,559
2,3,560
2,3,561
2,3,562
2,3,563
2,3,564
2,3,565
2,3,566
2,3,567
2,3,568
2,3,569
2,3,570
2,3,571
2,3,572
2,3,573
2,3,574
2,3,575
2,3,576
2,3,577
2,3,578
2,3,579
2,3,580
2,3,581
2,3,582
2,3,583
2,3,584
2,3,585
2,3,586
2,3,587
2,3,588
2,3,589
2,3,590
2,3,591
2,3,592
2,3,593
2,3,594
2,3,595
2,3,596
2,3,597
2,3,598
2,3,599
2,3,600
2,3,601
2,3,602
2,3,603
2,3,604
2,3,605
2,3,606
2,3,607
2,3,608
2,3,609
2,3,610
2,3,611
2,3,612
2,3,613
2,3,614
2,3,615
2,3,616
2,3,617
2,3,618
2,3,619
2,3,620
2,3,621
2,3,622
2,3,623
3,4,624
2,17,625
4,2,626
4,2,627
4,2,628
4,2,629
4,2,630
4,2,631
4,3,632
4,3,633
4,3,634
2,18,635
4,18,636
3,3,637
4,18,638
2,2,639
2,3,640
2,2,641
2,2,642
2,2,643
2,2,644
2,2,645
2,2,646
2,2,647
2,2,648
2,2,649
2,2,650
2,2,651
2,2,652
2,2,653
1,18,654
2,2,655
3,3,656
4,3,657
4,3,658
4,3,659
4,3,660
4,3,661
2,18,662
3,3,663
3,3,664
3,3,665
1,15,666
2,15,666
1,15,667
2,15,667
4,3,668
4,3,669
4,3,670
4,3,671
2,18,672
4,3,673
4,3,674
3,3,675
4,3,676
3,3,677
3,3,678
3,3,679
3,3,680
4,18,681
3,15,682
2,3,683
4,3,683
3,3,684
1,3,685
1,4,685
2,2,686
2,2,687
4,2,687
4,18,688
3,3,689
3,3,690
3,18,691
2,2,692
2,2,693
2,2,694
2,2,695
2,2,696
2,2,697
2,2,698
2,2,699
2,2,700
2,2,701
2,2,702
2,2,703
2,2,704
2,2,705
2,2,706
2,2,707
2,2,708
2,2,709
2,2,710
2,2,711
2,2,712
2,2,713
2,2,714
2,2,715
2,2,716
2,2,717
2,2,718
2,2,719
2,2,720
2,2,721
2,2,722
2,2,723
4,18,724
1,15,725
3,15,725
2,2,726
2,2,727
2,2,728
2,2,729
2,2,730
2,2,731
2,2,732
2,2,733
2,2,734
2,2,735
2,2,736
2,2,737
2,2,738
2,2,739
2,2,740
3,15,741
4,3,742
4,3,743
1,18,744
4,18,744
1,18,745
4,18,745
1,18,746
4,18,746
1,18,747
4,18,747
2,10,748
1,18,749
4,18,749
2,18,750
3,18,751
3,3,752
3,3,753
3,3,754
3,3,755
3,3,756
3,3,757
3,3,758
3,3,759
3,3,760
3,15,761
4,3,762
4,3,763
4,3,764
4,3,765
4,3,766
1,15,767
3,15,767
1,15,768
3,15,768
1,3,769
1,15,769
4,2,770
3,3,771
3,3,772
3,18,773
2,2,774
2,2,775
2,2,776
2,2,777
2,2,778
2,2,779
1,2,780
3,3,781
3,3,782
1,2,783
2,2,784
2,2,785
2,2,786
2,2,787
2,2,788
2,2,789
2,2,790
2,2,791
2,2,792
2,2,793
2,2,794
2,2,795
2,2,796
2,6,797
2,9,797
2,6,798
2,9,798
2,6,799
2,9,799
2,6,800
2,9,800
2,6,801
2,9,801
2,6,802
2,9,802
2,6,803
2,9,803
2,6,804
2,9,804
2,6,805
2,9,805
2,6,806
2,9,806
2,6,807
2,9,807
2,6,808
2,9,808
2,6,809
2,9,809
2,6,810
2,9,810
2,6,811
2,9,811
2,6,812
2,9,812
2,6,813
2,9,813
2,6,814
2,9,814
2,6,815
2,9,815
2,6,816
2,9,816
2,6,817
2,9,817
2,6,818
2,9,818
2,6,819
2,9,819
2,6,820
2,9,820
2,6,821
2,9,821
2,6,822
2,9,822
2,6,823
2,9,823
2,6,824
2,9,824
3,3,825
3,3,826
3,3,827
3,3,828
3,3,829
3,3,830
3,3,831
3,3,832
3,3,833
3,3,834
3,3,835
3,3,836
3,3,837
3,3,838
3,3,839
3,3,840
3,3,841
3,3,842
3,3,843
3,3,844
3,3,845
4,3,846
3,3,847
3,3,848
3,3,849
3,3,850
3,3,851
3,3,852
4,2,853
2,18,854
3,3,855
2,2,856
4,2,856
3,18,857
3,15,858
3,15,859
2,18,860
2,18,861
4,4,862
4,4,863
2,3,864
3,3,864
3,3,865
3,3,866
3,15,867
3,3,868
2,4,869
2,4,870
2,4,871
3,3,872
2,2,873
2,2,874
2,2,875
2,2,876
2,2,877
2,2,878
2,2,879
2,2,880
2,2,881
2,2,882
2,2,883
2,2,884
2,2,885
2,2,886
2,2,887
2,2,888
2,2,889
2,2,890
2,2,891
2,2,892
2,2,893
2,2,894
2,2,895
2,2,896
2,2,897
2,2,898
2,2,899
2,2,900
2,2,901
2,2,902
2,2,903
2,2,904
2,6,905
4,6,905
2,9,905
4,9,905
2,6,906
4,6,906
2,9,906
4,9,906
2,6,907
4,6,907
2,9,907
4,9,907
2,6,908
4,6,908
2,9,908
4,9,908
2,6,909
4,6,909
2,9,909
4,9,909
2,6,910
4,6,910
2,9,910
4,9,910
2,6,911
4,6,911
2,9,911
4,9,911
2,6,912
4,6,912
2,9,912
4,9,912
2,6,913
4,6,913
2,9,913
4,9,913
2,6,914
4,6,914
2,9,914
4,9,914
2,6,915
4,6,915
2,9,915
4,9,915
2,6,916
4,6,916
2,9,916
4,9,916
2,6,917
4,6,917
2,9,917
4,9,917
2,6,918
4,6,918
2,9,918
4,9,918
2,6,919
4,6,919
2,9,919
4,9,919
2,6,920
4,6,920
2,9,920
4,9,920
2,6,921
4,6,921
2,9,921
4,9,921
2,6,922
4,6,922
2,9,922
4,9,922
2,6,923
4,6,923
2,9,923
4,9,923
2,6,924
4,6,924
2,9,924
4,9,924
2,6,925
4,6,925
2,9,925
4,9,925
2,6,926
4,6,926
2,9,926
4,9,926
2,6,927
4,6,927
2,9,927
4,9,927
2,6,928
4,6,928
2,9,928
4,9,928
2,6,929
4,6,929
2,9,929
4,9,929
2,6,930
4,6,930
2,9,930
4,9,930
2,6,931
4,6,931
2,9,931
4,9,931
2,6,932
4,6,932
2,9,932
4,9,932
2,2,933
2,4,934
2,4,935
2,4,936
4,3,937
3,3,938
3,3,939
3,3,940
3,3,941
3,3,942
4,3,943
4,3,944
2,3,945
2,3,946
4,3,947
3,18,948
2,2,949
2,2,950
2,2,951
2,2,952
2,2,953
2,2,954
2,2,955
2,2,956
2,2,957
2,2,958
2,2,959
2,2,960
2,2,961
2,2,962
2,2,963
2,2,964
2,2,965
2,2,966
3,3,967
2,3,968
3,2,969
4,2,969
3,3,970
3,3,971
3,3,972
3,3,973
2,3,974
2,3,975
2,3,976
2,3,977
2,3,978
3,2,979
3,2,980
3,2,981
3,2,982
3,2,983
3,2,984
3,2,985
3,2,986
3,2,987
3,2,988
3,2,989
3,2,990
2,2,991
3,2,991
4,2,992
4,2,993
3,2,994
3,9,994
4,14,995
4,14,996
4,14,997
4,14,998
4,14,999
3,4,1000
4,3,1001
4,3,1002
4,3,1003
3,3,1004
3,3,1005
1,3,1006
3,3,1006
3,3,1007
3,3,1008
3,3,1009
3,3,1010
3,3,1011
3,3,1012
4,2,1013
2,18,1014
4,18,1015
2,16,1016
2,16,1017
2,16,1018
2,16,1019
2,16,1020
2,16,1021
2,16,1022
2,16,1023
2,16,1024
2,16,1025
2,16,1026
2,16,1027
2,3,1028
2,3,1029
2,3,1030
2,3,1031
2,3,1032
2,3,1033
2,3,1034
4,3,1035
4,3,1036
2,2,1037
2,2,1038
2,2,1039
3,2,1039
1,15,1040
3,15,1040
1,17,1041
2,18,1042
2,18,1043
2,18,1044
2,18,1045
3,3,1046
3,3,1047
3,15,1048
3,15,1049
2,3,1050
2,2,1051
3,2,1051
4,2,1051
2,2,1052
2,2,1053
2,2,1054
3,3,1055
3,3,1056
3,3,1057
3,3,1058
3,3,1059
3,18,1060
3,18,1061
3,2,1062
2,18,1063
2,2,1064
2,2,1065
1,18,1066
2,2,1067
2,2,1068
3,15,1069
1,18,1070
3,15,1071
2,2,1072
2,2,1073
2,2,1074
3,3,1075
3,4,1076
2,3,1077
2,3,1078
2,3,1079
2,3,1080
2,3,1081
2,3,1082
2,3,1083
2,3,1084
2,3,1085
2,3,1086
2,3,1087
2,3,1088
2,3,1089
2,3,1090
2,3,1091
3,15,1092
3,3,1093
3,3,1094
3,3,1095
3,3,1096
3,3,1097
3,3,1098
3,3,1099
3,3,1100
3,3,1101
3,3,1102
3,3,1103
4,3,1104
4,3,1105
4,3,1106
4,3,1107
2,2,1108
2,2,1109
2,2,1110
2,2,1111
2,2,1112
2,2,1113
3,2,1113
2,18,1113
3,18,1113
2,2,1114
2,2,1115
2,2,1116
2,2,1117
2,2,1118
2,2,1119
3,18,1120
3,3,1121
3,3,1122
3,18,1123
3,3,1124
3,3,1125
3,3,1126
1,4,1127
3,4,1127
3,15,1128
2,2,1129
2,2,1130
2,2,1131
2,2,1132
2,2,1133
2,2,1134
2,2,1135
2,2,1136
2,2,1137
2,2,1138
2,2,1139
2,2,1140
2,2,1141
2,2,1142
2,2,1143
2,2,1144
2,2,1145
2,2,1146
2,2,1147
2,2,1148
2,2,1149
2,2,1150
2,2,1151
2,2,1152
2,2,1153
2,2,1154
2,2,1155
2,2,1156
2,2,1157
2,2,1158
2,2,1159
2,2,1160
3,15,1161
3,15,1162
2,17,1163
2,2,1164
3,2,1164
2,2,1165
3,2,1165
2,2,1166
3,2,1166
2,2,1167
3,2,1167
2,2,1168
3,2,1168
2,2,1169
3,2,1169
2,2,1170
3,2,1170
2,2,1171
3,2,1171
2,2,1172
3,2,1172
2,2,1173
3,2,1173
2,2,1174
3,2,1174
2,2,1175
3,2,1175
2,2,1176
3,2,1176
2,2,1177
3,2,1177
2,2,1178
3,2,1178
2,2,1179
3,2,1179
2,2,1180
3,2,1180
2,2,1181
3,2,1181
2,2,1182
3,2,1182
2,2,1183
3,2,1183
2,2,1184
3,2,1184
2,2,1185
3,2,1185
2,2,1186
3,2,1186
2,2,1187
3,2,1187
2,2,1188
3,2,1188
2,2,1189
3,2,1189
2,2,1190
3,2,1190
2,2,1191
3,2,1191
2,2,1192
3,2,1192
2,2,1193
3,2,1193
2,2,1194
3,2,1194
2,2,1195
3,2,1195
2,2,1196
3,2,1196
2,2,1197
3,2,1197
2,2,1198
3,2,1198
2,2,1199
3,2,1199
2,2,1200
3,2,1200
2,2,1201
3,2,1201
2,2,1202
3,2,1202
2,2,1203
3,2,1203
2,2,1204
3,2,1204
2,2,1205
3,2,1205
2,2,1206
3,2,1206
2,2,1207
3,2,1207
2,2,1208
3,2,1208
2,2,1209
3,2,1209
2,2,1210
3,2,1210
2,2,1211
3,2,1211
2,2,1212
3,2,1212
2,2,1213
3,2,1213
2,2,1214
3,2,1214
2,2,1215
3,2,1215
2,2,1216
3,2,1216
2,2,1217
3,2,1217
2,2,1218
3,2,1218
2,2,1219
3,2,1219
2,2,1220
3,2,1220
2,2,1221
3,2,1221
2,2,1222
3,2,1222
2,2,1223
3,2,1223
2,2,1224
3,2,1224
2,2,1225
3,2,1225
2,2,1226
3,2,1226
2,2,1227
3,2,1227
2,2,1228
3,2,1228
2,2,1229
3,2,1229
2,2,1230
3,2,1230
2,2,1231
3,2,1231
2,2,1232
3,2,1232
2,2,1233
3,2,1233
2,2,1234
3,2,1234
2,2,1235
3,2,1235
2,2,1236
3,2,1236
2,2,1237
3,2,1237
2,2,1238
3,2,1238
3,15,1239
3,9,1240
3,11,1240
3,9,1241
3,11,1241
3,9,1242
3,11,1242
3,9,1243
3,11,1243
3,9,1244
3,11,1244
3,9,1245
3,11,1245
3,9,1246
3,11,1246
3,9,1247
3,11,1247
3,3,1248
3,18,1249
2,2,1250
1,15,1251
3,15,1251
1,18,1252
3,15,1253
1,2,1254
3,3,1255
2,2,1256
2,2,1257
2,2,1258
2,2,1259
2,2,1260
2,2,1261
2,2,1262
2,2,1263
2,2,1264
2,2,1265
2,2,1266
2,3,1267
2,3,1268
2,3,1269
2,3,1270
2,3,1271
2,3,1272
2,3,1273
2,3,1274
2,3,1275
2,3,1276
2,3,1277
2,3,1278
2,3,1279
2,3,1280
2,3,1281
2,3,1282
2,3,1283
2,3,1284
2,3,1285
2,3,1286
2,3,1287
2,3,1288
2,3,1289
2,3,1290
2,3,1291
2,3,1292
2,3,1293
2,3,1294
2,3,1295
2,3,1296
2,3,1297
2,3,1298
2,3,1299
2,Earth Observarion,1300
2,3,1301
2,3,1302
2,3,1303
2,3,1304
2,3,1305
2,3,1306
2,3,1307
2,3,1308
2,3,1309
2,3,1310
2,3,1311
2,3,1312
2,3,1313
2,3,1314
1,3,1315
1,2,1316
3,18,1317
3,3,1318
3,3,1319
3,3,1320
3,3,1321
3,3,1322
3,3,1323
3,3,1324
3,3,1325
2,2,1326
2,2,1327
2,3,1328
1,3,1329
2,2,1330
2,2,1331
2,2,1332
2,2,1333
2,2,1334
2,2,1335
2,2,1336
2,2,1337
2,2,1338
2,2,1339
2,2,1340
2,2,1341
2,2,1342
2,2,1343
2,2,1344
2,2,1345
2,2,1346
2,2,1347
4,3,1348
4,18,1348
4,3,1349
4,3,1350
4,3,1351
4,3,1352
4,3,1353
3,3,1354
2,2,1355
4,2,1356
1,18,1357
1,18,1358
2,18,1359
2,18,1360
2,18,1361
2,18,1362
1,15,1363
2,3,1364
3,3,1364
2,18,1364
3,18,1364
2,3,1365
3,3,1365
2,3,1366
3,3,1366
2,3,1367
3,3,1367
4,3,1368
2,2,1369
4,2,1369
2,2,1370
2,2,1371
2,2,1372
1,18,1373
2,3,1374
2,3,1375
2,3,1376
2,3,1377
2,3,1378
2,3,1379
2,3,1380
2,3,1381
2,3,1382
2,3,1383
2,3,1384
2,3,1385
1,18,1386
3,15,1387
4,3,1388
4,3,1389
2,2,1390
2,2,1391
2,18,1392
2,18,1393
2,18,1394
2,18,1395
2,18,1396
2,18,1397
2,18,1398
2,3,1399
2,3,1400
3,3,1401
3,3,1402
3,3,1403
3,2,1404
3,3,1405
3,3,1406
3,3,1407
3,18,1407
2,2,1408
2,2,1409
4,18,1410
1,18,1411
2,18,1412
2,3,1413
2,3,1414
2,3,1415
2,3,1416
2,3,1417
2,3,1418
2,3,1419
2,3,1420
2,3,1421
2,3,1422
2,3,1423
2,3,1424
2,3,1425
2,3,1426
2,3,1427
2,3,1428
2,3,1429
2,3,1430
2,3,1431
2,3,1432
2,3,1433
2,3,1434
2,3,1435
2,3,1436
2,3,1437
2,3,1438
2,3,1439
2,3,1440
2,3,1441
2,3,1442
2,3,1443
2,3,1444
2,3,1445
2,3,1446
2,3,1447
2,3,1448
2,3,1449
2,3,1450
2,3,1451
2,3,1452
2,3,1453
2,3,1454
2,3,1455
2,3,1456
2,3,1457
2,3,1458
2,3,1459
2,3,1460
2,3,1461
2,3,1462
2,3,1463
2,3,1464
2,3,1465
2,3,1466
2,3,1467
2,3,1468
2,3,1469
2,3,1470
2,3,1471
2,3,1472
2,3,1473
2,3,1474
2,3,1475
2,3,1476
2,3,1477
2,3,1478
2,3,1479
2,3,1480
2,3,1481
2,3,1482
2,3,1483
2,3,1484
2,3,1485
2,3,1486
2,3,1487
2,3,1488
2,3,1489
2,3,1490
2,3,1491
2,3,1492
2,3,1493
2,3,1494
2,3,1495
2,3,1496
2,3,1497
2,3,1498
2,3,1499
2,3,1500
2,3,1501
2,3,1502
2,3,1503
2,3,1504
2,3,1505
2,3,1506
2,3,1507
2,3,1508
2,3,1509
2,3,1510
2,3,1511
2,3,1512
2,3,1513
2,3,1514
2,3,1515
2,3,1516
2,3,1517
2,3,1518
2,3,1519
2,3,1520
2,3,1521
2,3,1522
2,3,1523
2,3,1524
2,3,1525
2,3,1526
2,3,1527
2,3,1528
2,3,1529
2,3,1530
2,3,1531
2,3,1532
2,3,1533
2,3,1534
2,3,1535
1,18,1536
2,2,1537
1,18,1538
1,18,1539
2,2,1540
2,2,1541
2,18,1542
2,3,1543
1,18,1544
4,3,1545
4,3,1546
4,3,1547
4,3,1548
1,15,1549
4,3,1550
4,3,1551
4,3,1552
4,3,1553
4,3,1554
4,3,1555
2,3,1556
3,2,1557
3,2,1558
3,2,1559
3,2,1560
4,2,1561
2,18,1562
3,3,1563
3,3,1564
1,2,1565
2,2,1565
1,3,1566
2,2,1567
2,2,1568
2,2,1569
3,3,1570
1,18,1571
2,18,1571
4,18,1572
4,18,1573
3,18,1574
1,15,1575
1,18,1575
1,18,1576
3,3,1577
3,3,1578
3,3,1579
2,2,1580
2,2,1581
3,3,1582
2,2,1583
4,3,1584
4,3,1585
4,3,1586
4,2,1587
4,2,1588
4,2,1589
4,2,1590
4,2,1591
4,2,1592
4,2,1593
3,18,1594
3,3,1595
3,3,1596
1,3,1597
3,3,1597
1,3,1598
3,3,1598
1,3,1599
3,3,1599
1,3,1600
3,3,1600
1,3,1601
3,3,1601
1,3,1602
3,3,1602
1,3,1603
3,3,1603
2,8,1604
2,8,1605
3,2,1606
4,2,1606
3,2,1607
1,3,1608
3,3,1609
1,3,1610
3,3,1610
1,15,1611
3,15,1611
4,2,1612
4,2,1613
4,2,1614
4,2,1615
3,15,1616
3,15,1617
3,15,1618
3,15,1619
3,3,1620
3,3,1621
4,18,1622
3,15,1623
1,18,1624
3,18,1624
1,18,1625
3,18,1625
1,18,1626
3,18,1626
2,18,1627
2,2,1628
3,18,1629
4,18,1629
4,2,1630
4,2,1631
4,2,1632
4,2,1633
4,2,1634
2,18,1635
3,18,1636
3,2,1637
3,2,1638
3,18,1638
1,3,1639
3,3,1639
4,3,1640
4,3,1641
3,18,1642
2,6,1643
4,6,1643
2,9,1643
4,9,1643
2,6,1644
4,6,1644
2,9,1644
4,9,1644
2,6,1645
4,6,1645
2,9,1645
4,9,1645
2,6,1646
4,6,1646
2,9,1646
4,9,1646
2,6,1647
4,6,1647
2,9,1647
4,9,1647
2,6,1648
4,6,1648
2,9,1648
4,9,1648
2,6,1649
4,6,1649
2,9,1649
4,9,1649
2,6,1650
4,6,1650
2,9,1650
4,9,1650
2,6,1651
4,6,1651
2,9,1651
4,9,1651
2,6,1652
4,6,1652
2,9,1652
4,9,1652
2,6,1653
4,6,1653
2,9,1653
4,9,1653
2,6,1654
4,6,1654
2,9,1654
4,9,1654
2,6,1655
4,6,1655
2,9,1655
4,9,1655
2,6,1656
4,6,1656
2,9,1656
4,9,1656
2,6,1657
4,6,1657
2,9,1657
4,9,1657
2,6,1658
4,6,1658
2,9,1658
4,9,1658
2,6,1659
4,6,1659
2,9,1659
4,9,1659
2,6,1660
4,6,1660
2,9,1660
4,9,1660
2,6,1661
4,6,1661
2,9,1661
4,9,1661
2,6,1662
4,6,1662
2,9,1662
4,9,1662
2,6,1663
4,6,1663
2,9,1663
4,9,1663
2,6,1664
4,6,1664
2,9,1664
4,9,1664
2,6,1665
4,6,1665
2,9,1665
4,9,1665
2,6,1666
4,6,1666
2,9,1666
4,9,1666
2,6,1667
4,6,1667
2,9,1667
4,9,1667
2,6,1668
4,6,1668
2,9,1668
4,9,1668
2,6,1669
4,6,1669
2,9,1669
4,9,1669
2,6,1670
4,6,1670
2,9,1670
4,9,1670
2,6,1671
4,6,1671
2,9,1671
4,9,1671
2,6,1672
4,6,1672
2,9,1672
4,9,1672
2,6,1673
4,6,1673
2,9,1673
4,9,1673
2,6,1674
4,6,1674
2,9,1674
4,9,1674
2,6,1675
4,6,1675
2,9,1675
4,9,1675
2,6,1676
4,6,1676
2,9,1676
4,9,1676
1,18,1677
1,2,1678
1,18,1678
4,3,1679
1,3,1680
2,18,1681
3,14,1682
3,3,1683
2,17,1684
2,17,1685
2,17,1686
2,17,1687
3,15,1688
1,2,1689
2,2,1690
3,3,1691
3,3,1692
3,18,1692
3,2,1693
2,2,1694
2,2,1695
2,2,1696
2,3,1697
2,3,1698
2,3,1699
2,3,1700
2,3,1701
2,3,1702
2,3,1703
2,3,1704
2,3,1705
2,3,1706
1,18,1707
3,3,1708
3,3,1709
3,3,1710
3,3,1711
4,3,1712
1,15,1713
3,3,1714
3,4,1714
3,3,1715
3,3,1716
2,3,1717
3,3,1717
3,3,1718
1,18,1719
4,18,1719
4,19,1720
4,19,1721
4,19,1722
4,3,1723
4,3,1724
4,3,1725
4,3,1726
4,18,1727
4,18,1728
4,3,1729
4,3,1730
2,18,1731
2,2,1732
2,2,1733
2,2,1734
2,2,1735
2,2,1736
2,2,1737
2,2,1738
2,3,1739
2,3,1740
2,3,1741
2,3,1742
2,3,1743
2,3,1744
2,3,1745
2,3,1746
2,3,1747
2,3,1748
2,3,1749
2,3,1750
2,3,1751
2,3,1752
2,3,1753
2,3,1754
2,3,1755
2,3,1756
2,3,1757
2,3,1758
2,3,1759
2,3,1760
2,3,1761
2,3,1762
2,3,1763
3,15,1764
1,15,1765
3,15,1765
2,2,1766
2,2,1767
2,2,1768
2,2,1769
2,2,1770
2,2,1771
2,2,1772
2,2,1773
2,2,1774
2,2,1775
2,2,1776
2,2,1777
2,2,1778
2,2,1779
2,2,1780
2,2,1781
2,2,1782
2,2,1783
2,2,1784
2,2,1785
3,3,1786
4,18,1787
3,3,1788
4,14,1789
4,3,1790
4,3,1791
4,3,1792
4,3,1793
4,3,1794
4,3,1795
2,2,1796
2,2,1797
2,2,1798
2,2,1799
2,2,1800
2,2,1801
2,2,1802
2,2,1803
2,2,1804
2,2,1805
2,2,1806
2,2,1807
2,2,1808
2,2,1809
2,2,1810
2,2,1811
2,2,1812
2,2,1813
2,2,1814
2,2,1815
2,2,1816
2,2,1817
2,2,1818
2,2,1819
2,2,1820
2,2,1821
2,2,1822
2,2,1823
2,2,1824
2,2,1825
2,2,1826
2,2,1827
2,2,1828
2,2,1829
2,2,1830
2,2,1831
2,2,1832
2,2,1833
2,2,1834
2,2,1835
2,2,1836
2,2,1837
2,2,1838
2,2,1839
2,2,1840
2,2,1841
2,2,1842
2,2,1843
2,2,1844
2,2,1845
2,2,1846
2,2,1847
2,2,1848
2,2,1849
2,2,1850
2,2,1851
2,2,1852
2,2,1853
2,2,1854
2,2,1855
2,2,1856
2,2,1857
2,2,1858
2,2,1859
2,2,1860
2,2,1861
2,2,1862
2,2,1863
2,2,1864
2,2,1865
2,2,1866
2,2,1867
2,2,1868
2,2,1869
2,2,1870
2,2,1871
2,2,1872
2,2,1873
2,2,1874
2,2,1875
2,2,1876
2,2,1877
2,2,1878
2,2,1879
2,2,1880
2,2,1881
2,2,1882
2,2,1883
2,2,1884
2,2,1885
2,2,1886
2,2,1887
2,2,1888
2,2,1889
2,2,1890
2,2,1891
2,2,1892
2,2,1893
2,2,1894
2,2,1895
2,2,1896
2,2,1897
2,2,1898
2,2,1899
2,2,1900
2,2,1901
2,2,1902
2,2,1903
2,2,1904
2,2,1905
2,2,1906
2,2,1907
2,2,1908
2,2,1909
2,2,1910
2,2,1911
2,2,1912
2,2,1913
2,2,1914
2,2,1915
2,2,1916
2,2,1917
2,2,1918
2,2,1919
2,2,1920
2,2,1921
2,2,1922
2,2,1923
2,2,1924
2,2,1925
2,2,1926
2,2,1927
2,2,1928
2,2,1929
2,2,1930
2,2,1931
2,2,1932
2,2,1933
2,2,1934
2,2,1935
2,2,1936
2,2,1937
2,2,1938
2,2,1939
2,2,1940
2,2,1941
2,2,1942
2,2,1943
2,2,1944
2,2,1945
2,2,1946
2,2,1947
2,2,1948
2,2,1949
2,2,1950
2,2,1951
2,2,1952
2,2,1953
2,2,1954
2,2,1955
2,2,1956
2,2,1957
2,2,1958
2,2,1959
2,2,1960
2,2,1961
2,2,1962
2,2,1963
2,2,1964
2,2,1965
2,2,1966
2,2,1967
2,2,1968
2,2,1969
2,2,1970
2,2,1971
2,2,1972
2,2,1973
2,2,1974
2,2,1975
2,2,1976
2,2,1977
2,2,1978
2,2,1979
2,2,1980
2,2,1981
2,2,1982
2,2,1983
2,2,1984
2,2,1985
2,2,1986
2,2,1987
2,2,1988
2,2,1989
2,2,1990
2,2,1991
2,2,1992
2,2,1993
2,2,1994
2,2,1995
2,2,1996
2,2,1997
2,2,1998
2,2,1999
2,2,2000
2,2,2001
2,2,2002
2,2,2003
2,2,2004
2,2,2005
2,2,2006
2,2,2007
2,2,2008
2,2,2009
2,2,2010
2,2,2011
2,2,2012
2,2,2013
2,2,2014
2,2,2015
2,2,2016
2,2,2017
2,2,2018
2,2,2019
2,2,2020
2,2,2021
2,2,2022
2,2,2023
2,2,2024
2,2,2025
2,2,2026
2,2,2027
2,2,2028
2,2,2029
2,2,2030
2,2,2031
2,2,2032
2,2,2033
2,2,2034
2,2,2035
2,2,2036
2,2,2037
2,2,2038
2,2,2039
2,2,2040
2,2,2041
2,2,2042
2,2,2043
2,2,2044
2,2,2045
2,2,2046
2,2,2047
2,2,2048
2,2,2049
2,2,2050
2,2,2051
2,2,2052
2,2,2053
2,2,2054
2,2,2055
2,2,2056
2,2,2057
2,2,2058
2,2,2059
2,2,2060
2,2,2061
2,2,2062
2,2,2063
2,2,2064
2,2,2065
2,2,2066
2,2,2067
2,2,2068
2,2,2069
2,2,2070
2,2,2071
2,2,2072
2,2,2073
2,2,2074
2,2,2075
2,2,2076
2,2,2077
2,2,2078
2,2,2079
2,2,2080
2,2,2081
2,2,2082
2,2,2083
2,2,2084
2,2,2085
2,2,2086
2,2,2087
2,2,2088
2,2,2089
2,2,2090
2,2,2091
2,2,2092
2,2,2093
2,2,2094
2,2,2095
2,2,2096
2,2,2097
2,2,2098
2,2,2099
2,2,2100
2,2,2101
2,2,2102
2,2,2103
2,2,2104
2,2,2105
2,2,2106
2,2,2107
2,2,2108
2,2,2109
2,2,2110
2,2,2111
2,2,2112
2,2,2113
2,2,2114
2,2,2115
2,2,2116
2,2,2117
2,2,2118
2,2,2119
2,2,2120
2,2,2121
2,2,2122
2,2,2123
2,2,2124
2,2,2125
2,2,2126
2,2,2127
2,2,2128
2,2,2129
2,2,2130
2,2,2131
2,2,2132
2,2,2133
2,2,2134
2,2,2135
2,2,2136
2,2,2137
2,2,2138
2,2,2139
2,2,2140
2,2,2141
2,2,2142
2,2,2143
2,2,2144
2,2,2145
2,2,2146
2,2,2147
2,2,2148
2,2,2149
2,2,2150
2,2,2151
2,2,2152
2,2,2153
2,2,2154
2,2,2155
2,2,2156
2,2,2157
2,2,2158
2,2,2159
2,2,2160
2,2,2161
2,2,2162
2,2,2163
2,2,2164
2,2,2165
2,2,2166
2,2,2167
2,2,2168
2,2,2169
2,2,2170
2,2,2171
2,2,2172
2,2,2173
2,2,2174
2,2,2175
2,2,2176
2,2,2177
2,2,2178
2,2,2179
2,2,2180
2,2,2181
2,2,2182
2,2,2183
2,2,2184
2,2,2185
2,2,2186
2,2,2187
2,2,2188
2,2,2189
2,2,2190
2,2,2191
2,2,2192
2,2,2193
2,2,2194
2,2,2195
2,2,2196
2,2,2197
2,2,2198
2,2,2199
2,2,2200
2,2,2201
2,2,2202
2,2,2203
2,2,2204
2,2,2205
2,2,2206
2,2,2207
2,2,2208
2,2,2209
2,2,2210
2,2,2211
2,2,2212
2,2,2213
2,2,2214
2,2,2215
2,2,2216
2,2,2217
2,2,2218
2,2,2219
2,2,2220
2,2,2221
2,2,2222
3,18,2223
4,3,2224
2,2,2225
2,2,2226
4,2,2226
2,2,2227
2,2,2228
2,2,2229
2,2,2230
2,2,2231
2,2,2232
2,2,2233
2,2,2234
2,2,2235
2,2,2236
2,2,2237
2,2,2238
2,2,2239
2,2,2240
2,2,2241
2,2,2242
2,2,2243
2,2,2244
2,2,2245
2,2,2246
2,2,2247
2,2,2248
2,2,2249
2,2,2250
2,2,2251
2,2,2252
2,2,2253
2,2,2254
2,2,2255
2,2,2256
2,2,2257
2,2,2258
2,2,2259
2,2,2260
2,2,2261
2,2,2262
2,2,2263
2,2,2264
1,18,2265
4,18,2266
4,18,2267
4,18,2268
4,18,2269
4,18,2270
1,18,2271
4,17,2272
2,18,2273
3,17,2274
4,3,2275
4,3,2276
2,2,2277
3,2,2277
3,3,2278
2,17,2279
4,3,2280
3,18,2281
3,18,2282
4,18,2283
2,2,2284
2,3,2285
4,3,2285
2,18,2286
2,18,2287
3,18,2288
2,2,2289
2,2,2290
4,3,2291
4,3,2292
3,3,2293
2,18,2294
3,18,2295
1,18,2296
3,18,2296
1,18,2297
3,18,2297
4,3,2298
3,18,2299
3,18,2300
1,18,2301
3,18,2301
3,3,2302
2,3,2303
2,3,2304
2,3,2305
4,2,2306
4,2,2307
1,3,2308
3,3,2308
1,18,2309
3,3,2310
3,17,2311
3,17,2312
3,3,2313
4,18,2314
4,18,2315
4,18,2316
4,18,2317
4,18,2318
4,18,2319
4,18,2320
4,18,2321
4,15,2322
4,15,2323
4,15,2324
1,18,2325
2,18,2326
2,18,2327
3,3,2328
3,18,2329
3,18,2330
3,3,2331
1,15,2332
1,15,2333
2,3,2334
3,3,2335
3,3,2336
1,3,2337
1,2,2338
2,3,2339
2,3,2340
1,3,2341
3,15,2342
2,2,2343
3,9,2344
3,11,2344
3,9,2345
3,11,2345
3,9,2346
3,11,2346
3,9,2347
3,11,2347
3,9,2348
3,11,2348
1,18,2349
4,18,2349
1,18,2350
4,18,2350
1,3,2351
2,3,2352
2,17,2353
1,18,2354
4,2,2355
4,2,2356
3,17,2357
1,3,2358
1,18,2359
1,18,2360
4,18,2361
3,18,2362
3,3,2363
2,2,2364
3,18,2365
3,3,2366
3,3,2367
3,3,2368
2,3,2369
4,18,2370
4,18,2371
4,18,2372
3,18,2373
3,3,2374
3,3,2375
3,3,2376
2,3,2377
3,3,2377
2,2,2378
3,2,2378
2,3,2378
3,3,2378
2,15,2378
3,15,2378
2,3,2379
3,3,2379
4,3,2380
4,3,2381
4,3,2382
4,3,2383
1,3,2384
1,3,2385
1,4,2386
4,2,2387
4,2,2388
4,2,2389
4,2,2390
4,2,2391
4,2,2392
4,2,2393
4,2,2394
4,2,2395
4,2,2396
4,2,2397
4,2,2398
4,2,2399
4,2,2400
4,2,2401
4,2,2402
4,2,2403
4,2,2404
4,2,2405
4,2,2406
4,2,2407
4,2,2408
4,2,2409
4,2,2410
2,2,2411
2,2,2412
2,2,2413
3,15,2414
1,18,2415
3,15,2416
1,15,2417
3,15,2418
1,2,2419
3,3,2420
3,3,2421
4,14,2422
3,3,2423
4,3,2424
4,3,2425
4,3,2426
4,3,2427
4,3,2428
2,2,2429
1,18,2430
2,18,2431
2,18,2432
2,2,2433
2,2,2434
2,2,2435
2,2,2436
2,2,2437
3,2,2438
3,3,2439
3,3,2440
3,3,2441
3,3,2442
4,3,2443
4,3,2444
4,3,2445
4,3,2446
4,3,2447
4,14,2448
4,3,2449
4,3,2450
4,3,2451
4,3,2452
4,3,2453
4,3,2454
4,3,2455
4,3,2456
4,3,2457
4,3,2458
4,3,2459
4,3,2460
3,3,2461
3,3,2462
3,3,2463
3,15,2464
3,3,2465
3,15,2466
4,2,2467
4,2,2468
4,2,2469
4,2,2470
4,2,2471
4,2,2472
4,2,2473
3,18,2474
1,3,2475
1,18,2476
4,3,2477
3,3,2478
3,3,2479
3,3,2480
3,3,2481
3,3,2482
3,3,2483
3,3,2484
3,3,2485
2,2,2486
2,2,2487
2,2,2488
2,2,2489
2,2,2490
2,2,2491
2,2,2492
2,2,2493
2,2,2494
2,2,2495
2,2,2496
2,2,2497
2,2,2498
2,2,2499
2,2,2500
2,2,2501
4,2,2501
1,18,2502
4,15,2503
3,18,2504
3,15,2505
3,18,2506
3,18,2507
3,18,2508
3,18,2509
3,18,2510
3,18,2511
3,18,2512
3,18,2513
3,18,2514
3,18,2515
3,18,2516
3,18,2517
3,18,2518
3,18,2519
3,3,2520
3,3,2521
3,15,2522
3,15,2523
3,15,2524
3,15,2525
3,15,2526
3,15,2527
3,3,2528
3,3,2529
3,15,2530
3,18,2531
3,18,2532
3,3,2533
3,18,2534
3,18,2535
3,18,2536
3,18,2537
3,3,2538
3,3,2539
3,3,2540
3,15,2541
3,15,2542
3,18,2543
4,18,2544
3,18,2545
3,3,2546
4,2,2547
2,2,2548
4,2,2548
4,2,2549
3,4,2550
2,17,2551
2,17,2552
2,2,2553
2,2,2554
2,2,2555
2,2,2556
2,2,2557
2,2,2558
2,2,2559
2,2,2560
2,2,2561
2,2,2562
2,2,2563
2,3,2564
2,3,2565
2,2,2566
2,2,2567
2,2,2568
2,2,2569
4,2,2570
4,2,2571
4,2,2572
4,2,2573
4,2,2574
4,2,2575
2,3,2576
2,3,2577
2,3,2578
2,3,2579
2,3,2580
2,3,2581
2,3,2582
2,3,2583
2,3,2584
2,3,2585
2,3,2586
2,3,2587
2,3,2588
2,3,2589
2,3,2590
2,3,2591
2,3,2592
2,3,2593
2,3,2594
2,3,2595
2,3,2596
2,2,2597
4,2,2598
3,3,2599
4,18,2600
4,18,2601
4,18,2602
4,18,2603
3,3,2604
4,18,2605
4,18,2606
4,18,2607
4,2,2608
1,18,2609
1,18,2610
1,18,2611
1,18,2612
2,18,2613
1,18,2614
1,15,2615
1,15,2616
1,18,2617
1,15,2618
3,15,2618
3,15,2619
3,2,2620
2,2,2621
2,2,2622
2,2,2623
2,2,2624
2,2,2625
2,2,2626
2,2,2627
2,2,2628
2,2,2629
2,2,2630
2,2,2631
2,2,2632
2,2,2633
2,2,2634
2,2,2635
2,2,2636
2,2,2637
2,2,2638
2,2,2639
2,2,2640
2,2,2641
2,2,2642
2,2,2643
2,2,2644
2,2,2645
2,2,2646
2,2,2647
2,2,2648
2,2,2649
2,2,2650
2,2,2651
2,2,2652
2,2,2653
2,2,2654
2,2,2655
2,2,2656
2,2,2657
2,2,2658
2,2,2659
2,2,2660
2,2,2661
2,2,2662
2,2,2663
2,2,2664
2,2,2665
2,2,2666
2,2,2667
2,2,2668
2,2,2669
2,2,2670
2,2,2671
2,2,2672
2,2,2673
2,2,2674
2,2,2675
2,2,2676
2,2,2677
2,2,2678
2,2,2679
2,2,2680
2,2,2681
2,2,2682
2,2,2683
2,2,2684
2,2,2685
2,2,2686
2,2,2687
2,2,2688
2,2,2689
2,2,2690
2,2,2691
2,2,2692
2,2,2693
2,2,2694
2,2,2695
2,2,2696
2,2,2697
2,2,2698
2,2,2699
2,2,2700
2,2,2701
2,2,2702
2,2,2703
2,2,2704
2,2,2705
2,2,2706
2,2,2707
2,2,2708
2,2,2709
2,2,2710
2,2,2711
2,2,2712
2,2,2713
2,2,2714
2,2,2715
2,2,2716
2,2,2717
2,2,2718
2,2,2719
2,2,2720
2,2,2721
2,2,2722
2,2,2723
2,2,2724
2,2,2725
2,2,2726
2,2,2727
2,2,2728
2,2,2729
2,2,2730
2,2,2731
2,2,2732
2,2,2733
2,2,2734
2,2,2735
2,2,2736
2,2,2737
2,2,2738
2,2,2739
2,2,2740
2,2,2741
2,2,2742
2,2,2743
2,2,2744
2,2,2745
2,2,2746
2,2,2747
2,2,2748
2,2,2749
2,2,2750
2,2,2751
2,2,2752
2,2,2753
2,2,2754
2,2,2755
2,2,2756
2,2,2757
2,2,2758
2,2,2759
2,2,2760
2,2,2761
2,2,2762
2,2,2763
2,2,2764
2,2,2765
2,2,2766
2,2,2767
2,2,2768
2,2,2769
2,2,2770
2,2,2771
2,2,2772
2,2,2773
4,2,2774
4,18,2775
3,3,2776
2,2,2777
3,3,2778
2,18,2779
1,18,2780
3,15,2781
4,18,2782
4,18,2783
2,3,2784
2,3,2785
1,18,2786
1,18,2787
3,3,2788
3,3,2789
4,3,2789
1,18,2790
1,18,2791
2,3,2792
2,2,2793
2,2,2794
2,2,2795
2,2,2796
2,2,2797
2,2,2798
2,2,2799
2,2,2800
2,2,2801
2,2,2802
2,2,2803
2,2,2804
2,2,2805
2,2,2806
2,2,2807
2,2,2808
2,2,2809
2,2,2810
2,2,2811
2,2,2812
2,2,2813
2,2,2814
2,2,2815
2,2,2816
2,2,2817
2,2,2818
2,2,2819
2,2,2820
2,2,2821
2,2,2822
2,2,2823
2,2,2824
2,2,2825
2,2,2826
2,2,2827
2,2,2828
2,2,2829
2,2,2830
2,2,2831
2,2,2832
2,2,2833
2,2,2834
2,2,2835
2,2,2836
2,2,2837
2,2,2838
2,2,2839
2,2,2840
2,2,2841
2,2,2842
2,2,2843
2,2,2844
2,2,2845
2,2,2846
2,2,2847
2,2,2848
2,2,2849
2,2,2850
2,2,2851
2,2,2852
2,2,2853
2,2,2854
2,2,2855
2,2,2856
2,2,2857
2,2,2858
2,2,2859
2,2,2860
2,2,2861
2,2,2862
2,2,2863
2,2,2864
2,2,2865
2,2,2866
2,2,2867
2,2,2868
2,2,2869
2,2,2870
2,2,2871
2,2,2872
2,2,2873
2,2,2874
2,2,2875
2,2,2876
2,2,2877
2,2,2878
2,2,2879
2,2,2880
2,2,2881
2,2,2882
2,2,2883
2,2,2884
2,2,2885
2,2,2886
2,2,2887
2,2,2888
2,2,2889
2,2,2890
2,2,2891
2,2,2892
2,2,2893
2,2,2894
2,2,2895
2,2,2896
2,2,2897
2,2,2898
2,2,2899
2,2,2900
2,2,2901
2,2,2902
2,2,2903
2,2,2904
2,2,2905
2,2,2906
2,2,2907
2,2,2908
2,2,2909
2,2,2910
2,2,2911
2,2,2912
2,2,2913
2,2,2914
2,2,2915
2,2,2916
2,2,2917
2,2,2918
2,2,2919
2,2,2920
2,2,2921
2,2,2922
2,2,2923
2,2,2924
2,2,2925
2,2,2926
2,2,2927
2,2,2928
2,2,2929
2,2,2930
2,2,2931
2,2,2932
2,2,2933
2,2,2934
2,2,2935
2,2,2936
2,2,2937
2,2,2938
2,2,2939
2,2,2940
2,2,2941
2,2,2942
2,2,2943
2,2,2944
2,2,2945
2,2,2946
2,2,2947
2,2,2948
2,2,2949
2,2,2950
2,2,2951
2,2,2952
2,2,2953
2,2,2954
2,2,2955
2,2,2956
2,2,2957
2,2,2958
2,2,2959
2,2,2960
2,2,2961
2,2,2962
2,2,2963
2,2,2964
2,2,2965
2,2,2966
2,2,2967
2,2,2968
2,2,2969
2,2,2970
2,2,2971
2,2,2972
2,2,2973
2,2,2974
2,2,2975
2,2,2976
2,2,2977
2,2,2978
2,2,2979
2,2,2980
2,2,2981
2,2,2982
2,2,2983
2,2,2984
2,2,2985
2,2,2986
2,2,2987
2,2,2988
2,2,2989
2,2,2990
2,2,2991
2,2,2992
2,2,2993
2,2,2994
2,2,2995
2,2,2996
2,2,2997
2,2,2998
2,2,2999
2,2,3000
2,2,3001
2,2,3002
2,2,3003
2,2,3004
2,2,3005
2,2,3006
2,2,3007
2,2,3008
2,2,3009
2,2,3010
2,2,3011
2,2,3012
2,2,3013
2,2,3014
2,2,3015
2,2,3016
2,2,3017
2,2,3018
2,2,3019
2,2,3020
2,2,3021
2,2,3022
2,2,3023
2,2,3024
2,2,3025
2,2,3026
2,2,3027
2,2,3028
2,2,3029
2,2,3030
2,2,3031
2,2,3032
2,2,3033
2,2,3034
2,2,3035
2,2,3036
2,2,3037
2,2,3038
2,2,3039
2,2,3040
2,2,3041
2,2,3042
2,2,3043
2,2,3044
2,2,3045
2,2,3046
2,2,3047
2,2,3048
2,2,3049
2,2,3050
2,2,3051
2,2,3052
2,2,3053
2,2,3054
2,2,3055
2,2,3056
2,2,3057
2,2,3058
2,2,3059
2,2,3060
2,2,3061
2,2,3062
2,2,3063
2,2,3064
2,2,3065
2,2,3066
2,2,3067
2,2,3068
2,2,3069
2,2,3070
2,2,3071
2,2,3072
2,2,3073
2,2,3074
2,2,3075
2,2,3076
2,2,3077
2,2,3078
2,2,3079
2,2,3080
2,2,3081
2,2,3082
2,2,3083
2,2,3084
2,2,3085
2,2,3086
2,2,3087
2,2,3088
2,2,3089
2,2,3090
2,2,3091
2,2,3092
2,2,3093
2,2,3094
2,2,3095
2,2,3096
2,2,3097
2,2,3098
2,2,3099
2,2,3100
2,2,3101
2,2,3102
2,2,3103
2,2,3104
2,2,3105
2,2,3106
2,2,3107
2,2,3108
2,2,3109
2,2,3110
2,2,3111
2,2,3112
2,2,3113
2,2,3114
2,2,3115
2,2,3116
2,2,3117
2,2,3118
2,2,3119
2,2,3120
2,2,3121
2,2,3122
2,2,3123
2,2,3124
2,2,3125
2,2,3126
2,2,3127
2,2,3128
2,2,3129
2,2,3130
2,2,3131
2,2,3132
2,2,3133
2,2,3134
2,2,3135
2,2,3136
2,2,3137
2,2,3138
2,2,3139
2,2,3140
2,2,3141
2,2,3142
2,2,3143
2,2,3144
2,2,3145
2,2,3146
2,2,3147
2,2,3148
2,2,3149
2,2,3150
2,2,3151
2,2,3152
2,2,3153
2,2,3154
2,2,3155
2,2,3156
2,2,3157
2,2,3158
2,2,3159
2,2,3160
2,2,3161
2,2,3162
2,2,3163
2,2,3164
2,2,3165
2,2,3166
2,2,3167
2,2,3168
2,2,3169
2,2,3170
2,2,3171
2,2,3172
2,2,3173
2,2,3174
2,2,3175
2,2,3176
2,2,3177
2,2,3178
2,2,3179
2,2,3180
2,2,3181
2,2,3182
2,2,3183
2,2,3184
2,2,3185
2,2,3186
2,2,3187
2,2,3188
2,2,3189
2,2,3190
2,2,3191
2,2,3192
2,2,3193
2,2,3194
2,2,3195
2,2,3196
2,2,3197
2,2,3198
2,2,3199
2,2,3200
2,2,3201
2,2,3202
2,2,3203
2,2,3204
2,2,3205
2,2,3206
2,2,3207
2,2,3208
2,2,3209
2,2,3210
2,2,3211
2,2,3212
2,2,3213
2,2,3214
2,2,3215
2,2,3216
2,2,3217
2,2,3218
2,2,3219
2,2,3220
2,2,3221
2,2,3222
2,2,3223
2,2,3224
2,2,3225
2,2,3226
2,2,3227
2,2,3228
2,2,3229
2,2,3230
2,2,3231
2,2,3232
2,2,3233
2,2,3234
2,2,3235
2,2,3236
2,2,3237
2,2,3238
2,2,3239
2,2,3240
2,2,3241
2,2,3242
2,2,3243
2,2,3244
2,2,3245
2,2,3246
2,2,3247
2,2,3248
2,2,3249
2,2,3250
2,2,3251
2,2,3252
2,2,3253
2,2,3254
2,2,3255
2,2,3256
2,2,3257
2,2,3258
2,2,3259
2,2,3260
2,2,3261
2,2,3262
2,2,3263
2,2,3264
2,2,3265
2,2,3266
2,2,3267
2,2,3268
2,2,3269
2,2,3270
2,2,3271
2,2,3272
2,2,3273
2,2,3274
2,2,3275
2,2,3276
2,2,3277
2,2,3278
2,2,3279
2,2,3280
2,2,3281
2,2,3282
2,2,3283
2,2,3284
2,2,3285
2,2,3286
2,2,3287
2,2,3288
2,2,3289
2,2,3290
2,2,3291
2,2,3292
2,2,3293
2,2,3294
2,2,3295
2,2,3296
2,2,3297
2,2,3298
2,2,3299
2,2,3300
2,2,3301
2,2,3302
2,2,3303
2,2,3304
2,2,3305
2,2,3306
2,2,3307
2,2,3308
2,2,3309
2,2,3310
2,2,3311
2,2,3312
2,2,3313
2,2,3314
2,2,3315
2,2,3316
2,2,3317
2,2,3318
2,2,3319
2,2,3320
2,2,3321
2,2,3322
2,2,3323
2,2,3324
2,2,3325
2,2,3326
2,2,3327
2,2,3328
2,2,3329
2,2,3330
2,2,3331
2,2,3332
2,2,3333
2,2,3334
2,2,3335
2,2,3336
2,2,3337
2,2,3338
2,2,3339
2,2,3340
2,2,3341
2,2,3342
2,2,3343
2,2,3344
2,2,3345
2,2,3346
2,2,3347
2,2,3348
2,2,3349
2,2,3350
2,2,3351
2,2,3352
2,2,3353
2,2,3354
2,2,3355
2,2,3356
2,2,3357
2,2,3358
2,2,3359
2,2,3360
2,2,3361
2,2,3362
2,2,3363
2,2,3364
2,2,3365
2,2,3366
2,2,3367
2,2,3368
2,2,3369
2,2,3370
2,2,3371
2,2,3372
2,2,3373
2,2,3374
2,2,3375
2,2,3376
2,2,3377
2,2,3378
2,2,3379
2,2,3380
2,2,3381
2,2,3382
2,2,3383
2,2,3384
2,2,3385
2,2,3386
2,2,3387
2,2,3388
2,2,3389
2,2,3390
2,2,3391
2,2,3392
2,2,3393
2,2,3394
2,2,3395
2,2,3396
2,2,3397
2,2,3398
2,2,3399
2,2,3400
2,2,3401
2,2,3402
2,2,3403
2,2,3404
2,2,3405
2,2,3406
2,2,3407
2,2,3408
2,2,3409
2,2,3410
2,2,3411
2,2,3412
2,2,3413
2,2,3414
2,2,3415
2,2,3416
2,2,3417
2,2,3418
2,2,3419
2,2,3420
2,2,3421
2,2,3422
2,2,3423
2,2,3424
2,2,3425
2,2,3426
2,2,3427
2,2,3428
2,2,3429
2,2,3430
2,2,3431
2,2,3432
2,2,3433
2,2,3434
2,2,3435
2,2,3436
2,2,3437
2,2,3438
2,2,3439
2,2,3440
2,2,3441
2,2,3442
2,2,3443
2,2,3444
2,2,3445
2,2,3446
2,2,3447
2,2,3448
2,2,3449
2,2,3450
2,2,3451
2,2,3452
2,2,3453
2,2,3454
2,2,3455
2,2,3456
2,2,3457
2,2,3458
2,2,3459
2,2,3460
2,2,3461
2,2,3462
2,2,3463
2,2,3464
2,2,3465
2,2,3466
2,2,3467
2,2,3468
2,2,3469
2,2,3470
2,2,3471
2,2,3472
2,2,3473
2,2,3474
2,2,3475
2,2,3476
2,2,3477
2,2,3478
2,2,3479
2,2,3480
2,2,3481
2,2,3482
2,2,3483
2,2,3484
2,2,3485
2,2,3486
2,2,3487
2,2,3488
2,2,3489
2,2,3490
2,2,3491
2,2,3492
2,2,3493
2,2,3494
2,2,3495
2,2,3496
2,2,3497
2,2,3498
2,2,3499
2,2,3500
2,2,3501
2,2,3502
2,2,3503
2,2,3504
2,2,3505
2,2,3506
2,2,3507
2,2,3508
2,2,3509
2,2,3510
2,2,3511
2,2,3512
2,2,3513
2,2,3514
2,2,3515
2,2,3516
2,2,3517
2,2,3518
2,2,3519
2,2,3520
2,2,3521
2,2,3522
2,2,3523
2,2,3524
2,2,3525
2,2,3526
2,2,3527
2,2,3528
2,2,3529
2,2,3530
2,2,3531
2,2,3532
2,2,3533
2,2,3534
2,2,3535
2,2,3536
2,2,3537
2,2,3538
2,2,3539
2,2,3540
2,2,3541
2,2,3542
2,2,3543
2,2,3544
2,2,3545
2,2,3546
2,2,3547
2,2,3548
2,2,3549
2,2,3550
2,2,3551
2,2,3552
2,2,3553
2,2,3554
2,2,3555
2,2,3556
2,2,3557
2,2,3558
2,2,3559
2,2,3560
2,2,3561
2,2,3562
2,2,3563
2,2,3564
2,2,3565
2,2,3566
2,2,3567
2,2,3568
2,2,3569
2,2,3570
2,2,3571
2,2,3572
2,2,3573
2,2,3574
2,2,3575
2,2,3576
2,2,3577
2,2,3578
2,2,3579
2,2,3580
2,2,3581
2,2,3582
2,2,3583
2,2,3584
2,2,3585
2,2,3586
2,2,3587
2,2,3588
2,2,3589
2,2,3590
2,2,3591
2,2,3592
2,2,3593
2,2,3594
2,2,3595
2,2,3596
2,2,3597
2,2,3598
2,2,3599
2,2,3600
2,2,3601
2,2,3602
2,2,3603
2,2,3604
2,2,3605
2,2,3606
2,2,3607
2,2,3608
2,2,3609
2,2,3610
2,2,3611
2,2,3612
2,2,3613
2,2,3614
2,2,3615
2,2,3616
2,2,3617
2,2,3618
2,2,3619
2,2,3620
2,2,3621
2,2,3622
2,2,3623
2,2,3624
2,2,3625
2,2,3626
2,2,3627
2,2,3628
2,2,3629
2,2,3630
2,2,3631
2,2,3632
2,2,3633
2,2,3634
2,2,3635
2,2,3636
2,2,3637
2,2,3638
2,2,3639
2,2,3640
2,2,3641
2,2,3642
2,2,3643
2,2,3644
2,2,3645
2,2,3646
2,2,3647
2,2,3648
2,2,3649
2,2,3650
2,2,3651
2,2,3652
2,2,3653
2,2,3654
2,2,3655
2,2,3656
2,2,3657
2,2,3658
2,2,3659
2,2,3660
2,2,3661
2,2,3662
2,2,3663
2,2,3664
2,2,3665
2,2,3666
2,2,3667
2,2,3668
2,2,3669
2,2,3670
2,2,3671
2,2,3672
2,2,3673
2,2,3674
2,2,3675
2,2,3676
2,2,3677
2,2,3678
2,2,3679
2,2,3680
2,2,3681
2,2,3682
2,2,3683
2,2,3684
2,2,3685
2,2,3686
2,2,3687
2,2,3688
2,2,3689
2,2,3690
2,2,3691
2,2,3692
2,2,3693
2,2,3694
2,2,3695
2,2,3696
2,2,3697
2,2,3698
2,2,3699
2,2,3700
2,2,3701
2,2,3702
2,2,3703
2,2,3704
2,2,3705
2,2,3706
2,2,3707
2,2,3708
2,2,3709
2,2,3710
2,2,3711
2,2,3712
2,2,3713
2,2,3714
2,2,3715
2,2,3716
2,2,3717
2,2,3718
2,2,3719
2,2,3720
2,2,3721
2,2,3722
2,2,3723
2,2,3724
2,2,3725
2,2,3726
2,2,3727
2,2,3728
2,2,3729
2,2,3730
2,2,3731
2,2,3732
2,2,3733
2,2,3734
2,2,3735
2,2,3736
2,2,3737
2,2,3738
2,2,3739
2,2,3740
2,2,3741
2,2,3742
2,2,3743
2,2,3744
2,2,3745
2,2,3746
2,2,3747
2,2,3748
2,2,3749
2,2,3750
2,2,3751
2,2,3752
2,2,3753
2,2,3754
2,2,3755
2,2,3756
2,2,3757
2,2,3758
2,2,3759
2,2,3760
2,2,3761
2,2,3762
2,2,3763
2,2,3764
2,2,3765
2,2,3766
2,2,3767
2,2,3768
2,2,3769
2,2,3770
2,2,3771
2,2,3772
2,2,3773
2,2,3774
2,2,3775
2,2,3776
2,2,3777
2,2,3778
2,2,3779
2,2,3780
2,2,3781
2,2,3782
2,2,3783
2,2,3784
2,2,3785
2,2,3786
2,2,3787
2,2,3788
2,2,3789
2,2,3790
2,2,3791
2,2,3792
2,2,3793
2,2,3794
2,2,3795
2,2,3796
2,2,3797
2,2,3798
2,2,3799
2,2,3800
2,2,3801
2,2,3802
2,2,3803
2,2,3804
2,2,3805
2,2,3806
2,2,3807
2,2,3808
2,2,3809
2,2,3810
2,2,3811
2,2,3812
2,2,3813
2,2,3814
2,2,3815
2,2,3816
2,2,3817
2,2,3818
2,2,3819
2,2,3820
2,2,3821
2,2,3822
2,2,3823
2,2,3824
2,2,3825
2,2,3826
2,2,3827
2,2,3828
2,2,3829
2,2,3830
2,2,3831
2,2,3832
2,2,3833
2,2,3834
2,2,3835
2,2,3836
2,2,3837
2,2,3838
2,2,3839
2,2,3840
2,2,3841
2,2,3842
2,2,3843
2,2,3844
2,2,3845
2,2,3846
2,2,3847
2,2,3848
2,2,3849
2,2,3850
2,2,3851
2,2,3852
2,2,3853
2,2,3854
2,2,3855
2,2,3856
2,2,3857
2,2,3858
2,2,3859
2,2,3860
2,2,3861
2,2,3862
2,2,3863
2,2,3864
2,2,3865
2,2,3866
2,2,3867
2,2,3868
2,2,3869
2,2,3870
2,2,3871
2,2,3872
2,2,3873
2,2,3874
2,2,3875
2,2,3876
2,2,3877
2,2,3878
2,2,3879
2,2,3880
2,2,3881
2,2,3882
2,2,3883
2,2,3884
2,2,3885
2,2,3886
2,2,3887
2,2,3888
2,2,3889
2,2,3890
2,2,3891
2,2,3892
2,2,3893
2,2,3894
2,2,3895
2,2,3896
2,2,3897
2,2,3898
2,2,3899
2,2,3900
2,2,3901
2,2,3902
2,2,3903
2,2,3904
2,2,3905
2,2,3906
2,2,3907
2,2,3908
2,2,3909
2,2,3910
2,2,3911
2,2,3912
2,2,3913
2,2,3914
2,2,3915
2,2,3916
2,2,3917
2,2,3918
2,2,3919
2,2,3920
2,2,3921
2,2,3922
2,2,3923
2,2,3924
2,2,3925
2,2,3926
2,2,3927
2,2,3928
2,2,3929
2,2,3930
2,2,3931
2,2,3932
2,2,3933
2,2,3934
2,2,3935
2,2,3936
2,2,3937
2,2,3938
2,2,3939
2,2,3940
2,2,3941
2,2,3942
2,2,3943
2,2,3944
2,2,3945
2,2,3946
2,2,3947
2,2,3948
2,2,3949
2,2,3950
2,2,3951
2,2,3952
2,2,3953
2,2,3954
2,2,3955
2,2,3956
2,2,3957
2,2,3958
2,2,3959
2,2,3960
2,2,3961
2,2,3962
2,2,3963
2,2,3964
2,2,3965
2,2,3966
2,2,3967
2,2,3968
2,2,3969
2,2,3970
2,2,3971
2,2,3972
2,2,3973
2,2,3974
2,2,3975
2,2,3976
2,2,3977
2,2,3978
2,2,3979
2,2,3980
2,2,3981
2,2,3982
2,2,3983
2,2,3984
2,2,3985
2,2,3986
2,2,3987
2,2,3988
2,2,3989
2,2,3990
2,2,3991
2,2,3992
2,2,3993
2,2,3994
2,2,3995
2,2,3996
2,2,3997
2,2,3998
2,2,3999
2,2,4000
2,2,4001
2,2,4002
2,2,4003
2,2,4004
2,2,4005
2,2,4006
2,2,4007
2,2,4008
2,2,4009
2,2,4010
2,2,4011
2,2,4012
2,2,4013
2,2,4014
2,2,4015
2,2,4016
2,2,4017
2,2,4018
2,2,4019
2,2,4020
2,2,4021
2,2,4022
2,2,4023
2,2,4024
2,2,4025
2,2,4026
2,2,4027
2,2,4028
2,2,4029
2,2,4030
2,2,4031
2,2,4032
2,2,4033
2,2,4034
2,2,4035
2,2,4036
2,2,4037
2,2,4038
2,2,4039
2,2,4040
2,2,4041
2,2,4042
2,2,4043
2,2,4044
2,2,4045
2,2,4046
2,2,4047
2,2,4048
2,2,4049
2,2,4050
2,2,4051
2,2,4052
2,2,4053
2,2,4054
2,2,4055
2,2,4056
2,2,4057
2,2,4058
2,2,4059
2,2,4060
2,2,4061
2,2,4062
2,2,4063
2,2,4064
2,2,4065
2,2,4066
2,2,4067
2,2,4068
2,2,4069
2,2,4070
2,2,4071
2,2,4072
2,2,4073
2,2,4074
2,2,4075
2,2,4076
2,2,4077
2,2,4078
2,2,4079
2,2,4080
2,2,4081
2,2,4082
2,2,4083
2,2,4084
2,2,4085
2,2,4086
2,2,4087
2,2,4088
2,2,4089
2,2,4090
2,2,4091
2,2,4092
2,2,4093
2,2,4094
2,2,4095
2,2,4096
2,2,4097
2,2,4098
2,2,4099
2,2,4100
2,2,4101
2,2,4102
2,2,4103
2,2,4104
2,2,4105
2,2,4106
2,2,4107
2,2,4108
2,2,4109
2,2,4110
2,2,4111
2,2,4112
2,2,4113
2,2,4114
2,2,4115
2,2,4116
2,2,4117
2,2,4118
2,2,4119
2,2,4120
2,2,4121
2,2,4122
2,2,4123
2,2,4124
2,2,4125
2,2,4126
2,2,4127
2,2,4128
2,2,4129
2,2,4130
2,2,4131
2,2,4132
2,2,4133
2,2,4134
2,2,4135
2,2,4136
2,2,4137
2,2,4138
2,2,4139
2,2,4140
2,2,4141
2,2,4142
2,2,4143
2,2,4144
2,2,4145
2,2,4146
2,2,4147
2,2,4148
2,2,4149
2,2,4150
2,2,4151
2,2,4152
2,2,4153
2,2,4154
2,2,4155
2,2,4156
2,2,4157
2,2,4158
2,2,4159
2,2,4160
2,2,4161
2,2,4162
2,2,4163
2,2,4164
2,2,4165
2,2,4166
2,2,4167
2,2,4168
2,2,4169
2,2,4170
2,2,4171
2,2,4172
2,2,4173
2,2,4174
2,2,4175
2,2,4176
2,2,4177
2,2,4178
2,2,4179
2,2,4180
2,2,4181
2,2,4182
2,2,4183
2,2,4184
2,2,4185
2,2,4186
2,2,4187
2,2,4188
2,2,4189
2,2,4190
2,2,4191
2,2,4192
2,2,4193
2,2,4194
2,2,4195
2,2,4196
2,2,4197
2,2,4198
2,2,4199
2,2,4200
2,2,4201
2,2,4202
2,2,4203
2,2,4204
2,2,4205
2,2,4206
2,2,4207
2,2,4208
2,2,4209
2,2,4210
2,2,4211
2,2,4212
2,2,4213
2,2,4214
2,2,4215
2,2,4216
2,2,4217
2,2,4218
2,2,4219
2,2,4220
2,2,4221
2,2,4222
2,2,4223
2,2,4224
2,2,4225
2,2,4226
2,2,4227
2,2,4228
2,2,4229
2,2,4230
2,2,4231
2,2,4232
2,2,4233
2,2,4234
2,2,4235
2,2,4236
2,2,4237
2,2,4238
2,2,4239
2,2,4240
2,2,4241
2,2,4242
2,2,4243
2,2,4244
2,2,4245
2,2,4246
2,2,4247
2,2,4248
2,2,4249
2,2,4250
2,2,4251
2,2,4252
2,2,4253
2,2,4254
2,2,4255
2,2,4256
2,2,4257
2,2,4258
2,2,4259
2,2,4260
2,2,4261
2,2,4262
2,2,4263
2,2,4264
2,2,4265
2,2,4266
2,2,4267
2,2,4268
2,2,4269
2,2,4270
2,2,4271
2,2,4272
2,2,4273
2,2,4274
2,2,4275
2,2,4276
2,2,4277
2,2,4278
2,2,4279
2,2,4280
2,2,4281
2,2,4282
2,2,4283
2,2,4284
2,2,4285
2,2,4286
2,2,4287
2,2,4288
2,2,4289
2,2,4290
2,2,4291
2,2,4292
2,2,4293
2,2,4294
2,2,4295
2,2,4296
2,2,4297
2,2,4298
2,2,4299
2,2,4300
2,2,4301
2,2,4302
2,2,4303
2,2,4304
2,2,4305
2,2,4306
2,2,4307
2,2,4308
2,2,4309
2,2,4310
2,2,4311
2,2,4312
2,2,4313
2,2,4314
2,2,4315
2,2,4316
2,2,4317
2,2,4318
2,2,4319
2,2,4320
2,2,4321
2,2,4322
2,2,4323
2,2,4324
2,2,4325
2,2,4326
2,2,4327
2,2,4328
2,2,4329
2,2,4330
2,2,4331
2,2,4332
2,2,4333
2,2,4334
2,2,4335
2,2,4336
2,2,4337
2,2,4338
2,2,4339
2,2,4340
2,2,4341
2,2,4342
2,2,4343
2,2,4344
2,2,4345
2,2,4346
2,2,4347
2,2,4348
2,2,4349
2,2,4350
2,2,4351
2,2,4352
2,2,4353
2,2,4354
2,2,4355
2,2,4356
2,2,4357
2,2,4358
2,2,4359
2,2,4360
2,2,4361
2,2,4362
2,2,4363
2,2,4364
2,2,4365
2,2,4366
2,2,4367
2,2,4368
2,2,4369
2,2,4370
2,2,4371
2,2,4372
2,2,4373
2,2,4374
2,2,4375
2,2,4376
2,2,4377
2,2,4378
2,2,4379
2,2,4380
2,2,4381
2,2,4382
2,2,4383
2,2,4384
2,2,4385
2,2,4386
2,2,4387
2,2,4388
2,2,4389
2,2,4390
2,2,4391
2,2,4392
2,2,4393
2,2,4394
2,2,4395
2,2,4396
2,2,4397
2,2,4398
2,2,4399
2,2,4400
2,2,4401
2,2,4402
2,2,4403
2,2,4404
2,2,4405
2,2,4406
2,2,4407
2,2,4408
2,2,4409
2,2,4410
2,2,4411
2,2,4412
2,2,4413
2,2,4414
2,2,4415
2,2,4416
2,2,4417
2,2,4418
2,2,4419
2,2,4420
2,2,4421
2,2,4422
2,2,4423
2,2,4424
2,2,4425
2,2,4426
2,2,4427
2,2,4428
2,2,4429
2,2,4430
2,2,4431
2,2,4432
2,2,4433
2,2,4434
2,2,4435
2,2,4436
2,2,4437
2,2,4438
2,2,4439
2,2,4440
2,2,4441
2,2,4442
2,2,4443
2,2,4444
2,2,4445
2,2,4446
2,2,4447
2,2,4448
2,2,4449
2,2,4450
2,2,4451
2,2,4452
2,2,4453
2,2,4454
2,2,4455
2,2,4456
2,2,4457
2,2,4458
2,2,4459
2,2,4460
2,2,4461
2,2,4462
2,2,4463
2,2,4464
2,2,4465
2,2,4466
2,2,4467
2,2,4468
2,2,4469
2,2,4470
2,2,4471
2,2,4472
2,2,4473
2,2,4474
2,2,4475
2,2,4476
2,2,4477
2,2,4478
2,2,4479
2,2,4480
2,2,4481
2,2,4482
2,2,4483
2,2,4484
2,2,4485
2,2,4486
2,2,4487
2,2,4488
2,2,4489
2,2,4490
2,2,4491
2,2,4492
2,2,4493
2,2,4494
2,2,4495
2,2,4496
2,2,4497
2,2,4498
2,2,4499
2,2,4500
2,2,4501
2,2,4502
2,2,4503
2,2,4504
2,2,4505
2,2,4506
2,2,4507
2,2,4508
2,2,4509
2,2,4510
2,2,4511
2,2,4512
2,2,4513
2,2,4514
2,2,4515
2,2,4516
2,2,4517
2,2,4518
2,2,4519
2,2,4520
2,2,4521
2,2,4522
2,2,4523
2,2,4524
2,2,4525
2,2,4526
2,2,4527
2,2,4528
2,2,4529
2,2,4530
2,2,4531
2,2,4532
2,2,4533
2,2,4534
2,2,4535
2,2,4536
2,2,4537
2,2,4538
2,2,4539
2,2,4540
2,2,4541
2,2,4542
2,2,4543
2,2,4544
2,2,4545
2,2,4546
2,2,4547
2,2,4548
2,2,4549
2,2,4550
2,2,4551
2,2,4552
2,2,4553
2,2,4554
2,2,4555
2,2,4556
2,2,4557
2,2,4558
2,2,4559
2,2,4560
2,2,4561
2,2,4562
2,2,4563
2,2,4564
2,2,4565
2,2,4566
2,2,4567
2,2,4568
2,2,4569
2,2,4570
2,2,4571
2,2,4572
2,2,4573
2,2,4574
2,2,4575
2,2,4576
2,2,4577
2,2,4578
2,2,4579
2,2,4580
2,2,4581
2,2,4582
2,2,4583
2,2,4584
2,2,4585
2,2,4586
2,2,4587
2,2,4588
2,2,4589
2,2,4590
2,2,4591
2,2,4592
2,2,4593
2,2,4594
2,2,4595
2,2,4596
2,2,4597
2,2,4598
2,2,4599
2,2,4600
2,2,4601
2,2,4602
2,2,4603
2,2,4604
2,2,4605
2,2,4606
2,2,4607
2,2,4608
2,2,4609
2,2,4610
2,2,4611
2,2,4612
2,2,4613
2,2,4614
2,2,4615
2,2,4616
2,2,4617
2,2,4618
2,2,4619
2,2,4620
2,2,4621
2,2,4622
2,2,4623
2,2,4624
2,2,4625
2,2,4626
2,2,4627
2,2,4628
2,2,4629
2,2,4630
2,2,4631
2,2,4632
2,2,4633
2,2,4634
2,2,4635
2,2,4636
2,2,4637
2,2,4638
2,2,4639
2,2,4640
2,2,4641
2,2,4642
2,2,4643
2,2,4644
2,2,4645
2,2,4646
2,2,4647
2,2,4648
2,2,4649
2,2,4650
2,2,4651
2,2,4652
2,2,4653
2,2,4654
2,2,4655
2,2,4656
2,2,4657
2,2,4658
2,2,4659
2,2,4660
2,2,4661
2,2,4662
2,2,4663
2,2,4664
2,2,4665
2,2,4666
2,2,4667
2,2,4668
2,2,4669
2,2,4670
2,2,4671
2,2,4672
2,2,4673
2,2,4674
2,2,4675
2,2,4676
2,2,4677
2,2,4678
2,2,4679
2,2,4680
2,2,4681
2,2,4682
2,2,4683
2,2,4684
2,2,4685
2,2,4686
2,2,4687
2,2,4688
2,2,4689
2,2,4690
2,2,4691
2,2,4692
2,2,4693
2,2,4694
2,2,4695
2,2,4696
2,2,4697
2,2,4698
2,2,4699
2,2,4700
2,2,4701
2,2,4702
2,2,4703
2,2,4704
2,2,4705
2,2,4706
2,2,4707
2,2,4708
2,2,4709
2,2,4710
2,2,4711
2,2,4712
2,2,4713
2,2,4714
2,2,4715
2,2,4716
2,2,4717
2,2,4718
2,2,4719
2,2,4720
2,2,4721
2,2,4722
2,2,4723
2,2,4724
2,2,4725
2,2,4726
2,2,4727
2,2,4728
2,2,4729
2,2,4730
2,2,4731
2,2,4732
2,2,4733
2,2,4734
2,2,4735
2,2,4736
2,2,4737
2,2,4738
2,2,4739
2,2,4740
2,2,4741
2,2,4742
2,2,4743
2,2,4744
2,2,4745
2,2,4746
2,2,4747
2,2,4748
2,2,4749
2,2,4750
2,2,4751
2,2,4752
2,2,4753
2,2,4754
2,2,4755
2,2,4756
2,2,4757
2,2,4758
2,2,4759
2,2,4760
2,2,4761
2,2,4762
2,2,4763
2,2,4764
2,2,4765
2,2,4766
2,2,4767
2,2,4768
2,2,4769
2,2,4770
2,2,4771
2,2,4772
2,2,4773
2,2,4774
2,2,4775
2,2,4776
2,2,4777
2,2,4778
2,2,4779
2,2,4780
2,2,4781
2,2,4782
2,2,4783
2,2,4784
2,2,4785
2,2,4786
2,2,4787
2,2,4788
2,2,4789
2,2,4790
2,2,4791
2,2,4792
2,2,4793
2,2,4794
2,2,4795
2,2,4796
2,2,4797
2,2,4798
2,2,4799
2,2,4800
2,2,4801
2,2,4802
2,2,4803
2,2,4804
2,2,4805
2,2,4806
2,2,4807
2,2,4808
2,2,4809
2,2,4810
2,2,4811
2,2,4812
2,2,4813
2,2,4814
2,2,4815
2,2,4816
2,2,4817
2,2,4818
2,2,4819
2,2,4820
2,2,4821
2,2,4822
2,2,4823
2,2,4824
2,2,4825
2,2,4826
2,2,4827
2,2,4828
2,2,4829
2,2,4830
2,2,4831
2,2,4832
2,2,4833
2,2,4834
2,2,4835
2,2,4836
2,2,4837
2,2,4838
2,2,4839
2,2,4840
2,2,4841
2,2,4842
2,2,4843
2,2,4844
2,2,4845
2,2,4846
2,2,4847
2,2,4848
2,2,4849
2,2,4850
2,2,4851
2,2,4852
2,2,4853
2,2,4854
2,2,4855
2,2,4856
2,2,4857
2,2,4858
2,2,4859
2,2,4860
2,2,4861
2,2,4862
2,2,4863
2,2,4864
2,2,4865
2,2,4866
2,2,4867
2,2,4868
2,2,4869
2,2,4870
2,2,4871
2,2,4872
2,2,4873
2,2,4874
2,2,4875
2,2,4876
2,2,4877
2,2,4878
2,2,4879
2,2,4880
2,2,4881
2,2,4882
2,2,4883
2,2,4884
2,2,4885
2,2,4886
2,2,4887
2,2,4888
2,2,4889
2,2,4890
2,2,4891
2,2,4892
2,2,4893
2,2,4894
2,2,4895
2,2,4896
2,2,4897
2,2,4898
2,2,4899
2,2,4900
2,2,4901
2,2,4902
2,2,4903
2,2,4904
2,2,4905
2,2,4906
2,2,4907
2,2,4908
2,2,4909
2,2,4910
2,2,4911
2,2,4912
2,2,4913
2,2,4914
2,2,4915
2,2,4916
2,2,4917
2,2,4918
2,2,4919
2,2,4920
2,2,4921
2,2,4922
2,2,4923
2,2,4924
2,2,4925
2,2,4926
2,2,4927
2,2,4928
2,2,4929
2,2,4930
2,2,4931
2,2,4932
2,2,4933
2,2,4934
2,2,4935
2,2,4936
2,2,4937
2,2,4938
2,2,4939
2,2,4940
2,2,4941
2,2,4942
2,2,4943
2,2,4944
2,2,4945
2,2,4946
2,2,4947
2,2,4948
2,2,4949
2,2,4950
2,2,4951
2,2,4952
2,2,4953
2,2,4954
2,2,4955
2,2,4956
2,2,4957
2,2,4958
2,2,4959
2,2,4960
2,2,4961
2,2,4962
2,2,4963
2,2,4964
2,2,4965
2,2,4966
2,2,4967
2,2,4968
2,2,4969
2,2,4970
2,2,4971
2,2,4972
2,2,4973
2,2,4974
2,2,4975
2,2,4976
2,2,4977
2,2,4978
2,2,4979
2,2,4980
2,2,4981
2,2,4982
2,2,4983
2,2,4984
2,2,4985
2,2,4986
2,2,4987
2,2,4988
2,2,4989
2,2,4990
2,2,4991
2,2,4992
2,2,4993
2,2,4994
2,2,4995
2,2,4996
2,2,4997
2,2,4998
2,2,4999
2,2,5000
2,2,5001
2,2,5002
2,2,5003
2,2,5004
2,2,5005
2,2,5006
2,2,5007
2,2,5008
2,2,5009
2,2,5010
2,2,5011
2,2,5012
2,2,5013
2,2,5014
2,2,5015
2,2,5016
2,2,5017
2,2,5018
2,18,5019
2,3,5020
2,3,5021
2,3,5022
2,3,5023
2,3,5024
4,17,5025
4,2,5026
4,2,5027
4,2,5028
4,2,5029
4,2,5030
4,2,5031
4,2,5032
4,2,5033
2,3,5034
2,3,5035
3,18,5036
4,18,5037
4,18,5038
4,18,5039
1,4,5040
1,4,5041
3,15,5042
1,18,5043
2,2,5044
2,2,5045
4,2,5045
2,3,5046
2,3,5047
2,3,5048
2,3,5049
3,3,5050
3,3,5051
3,3,5052
1,18,5053
1,15,5054
3,15,5054
1,18,5055
4,2,5056
4,2,5057
4,2,5058
4,18,5059
4,18,5060
2,18,5061
2,3,5062
2,3,5063
3,3,5064
2,2,5065
3,15,5066
2,18,5067
3,3,5068
1,15,5069
4,18,5070
3,2,5071
3,2,5072
3,2,5073
3,2,5074
3,2,5075
2,2,5076
3,2,5076
2,2,5077
3,2,5077
3,2,5078
3,2,5079
3,2,5080
3,18,5081
1,17,5082
4,3,5083
1,18,5084
2,3,5085
2,2,5086
2,2,5087
2,2,5088
2,2,5089
2,2,5090
2,2,5091
1,15,5092
1,15,5093
2,3,5094
3,3,5094
2,2,5095
3,15,5096
2,18,5097
5,1,5098
5,1,5099
5,1,5100
5,1,5101
5,1,5102
5,1,5103
5,1,5104
5,1,5105
2,2,5106
2,2,5107
2,2,5108
2,18,5109
1,15,5110
3,15,5110
1,15,5111
3,15,5111
1,15,5112
3,15,5112
3,3,5113
2,2,5114
2,2,5115
2,2,5116
2,2,5117
2,2,5118
3,15,5119
3,3,5120
3,3,5121
3,3,5122
3,3,5123
3,3,5124
3,3,5125
3,3,5126
3,3,5127
1,3,5128
3,18,5129
3,3,5130
3,18,5130
3,2,5131
3,2,5132
3,2,5133
3,2,5134
3,2,5135
3,2,5136
3,2,5137
2,2,5138
2,18,5139
2,18,5140
2,18,5141
2,18,5142
2,18,5143
2,2,5144
2,2,5145
2,2,5146
2,2,5147
2,2,5148
2,18,5149
2,18,5150
2,18,5151
2,18,5152
1,18,5153
2,18,5154
3,2,5155
3,2,5156
3,2,5157
3,2,5158
3,3,5158
3,18,5159
4,18,5160
1,18,5161
2,18,5162
2,18,5163
2,18,5164
2,18,5165
2,18,5166
2,18,5167
2,18,5168
2,18,5169
1,17,5170
3,18,5171
2,2,5172
4,2,5172
1,3,5173
1,15,5174
3,15,5174
3,18,5175
3,18,5176
3,18,5177
3,18,5178
3,18,5179
3,2,5180
3,2,5181
3,2,5182
3,2,5183
1,18,5184
3,3,5185
4,3,5186
4,3,5187
1,18,5188
1,3,5189
1,17,5190
1,18,5191
2,2,5192
3,2,5192
2,2,5193
2,2,5194
2,2,5195
2,2,5196
2,2,5197
2,18,5198
2,18,5199
2,18,5200
2,18,5201
2,17,5202
2,18,5203
2,17,5204
2,17,5205
2,17,5206
2,17,5207
2,17,5208
2,17,5209
2,17,5210
4,2,5211
4,2,5212
4,2,5213
4,2,5214
4,2,5215
3,3,5216
2,3,5217
2,3,5218
2,18,5219
2,18,5220
2,18,5221
2,18,5222
1,3,5223
1,18,5224
4,3,5225
4,19,5226
4,19,5227
4,18,5228
4,18,5229
4,18,5230
4,18,5231
4,18,5232
4,18,5233
4,18,5234
1,17,5235
1,5,5236
1,18,5236
3,3,5237
3,3,5238
1,15,5239
1,3,5240
1,18,5241
1,18,5242
3,3,5243
2,2,5244
2,2,5245
3,2,5246
3,2,5247
3,3,5248
1,17,5249
3,17,5249
1,17,5250
3,17,5250
1,17,5251
3,17,5251
3,3,5252
3,3,5253
3,18,5254
2,18,5255
3,18,5256
3,18,5257
3,18,5258
3,3,5259
3,3,5260
4,2,5261
4,2,5262
4,2,5263
4,2,5264
4,2,5265
4,2,5266
4,2,5267
4,2,5268
4,2,5269
4,2,5270
2,2,5271
1,2,5272
2,3,5273
2,3,5274
2,3,5275
2,3,5276
2,3,5277
4,18,5278
2,18,5279
2,18,5280
2,3,5281
2,3,5282
2,3,5283
3,2,5284
3,2,5285
3,18,5286
3,18,5287
3,18,5288
3,18,5289
3,18,5290
3,18,5291
3,18,5292
3,18,5293
3,18,5294
3,17,5295
3,15,5296
3,18,5297
3,3,5298
3,2,5299
4,2,5299
1,2,5300
1,2,5301
1,2,5302
1,2,5303
1,2,5304
1,2,5305
3,18,5306
2,2,5307
4,2,5307
2,2,5308
4,2,5308
2,12,5309
2,2,5310
2,2,5311
2,2,5312
2,2,5313
2,2,5314
2,2,5315
2,15,5316
4,3,5317
4,3,5318
4,3,5319
4,3,5320
4,3,5321
4,3,5322
4,3,5323
4,3,5324
4,3,5325
4,3,5326
4,3,5327
4,3,5328
4,3,5329
4,3,5330
4,3,5331
4,3,5332
4,3,5333
4,3,5334
4,3,5335
4,3,5336
4,3,5337
4,3,5338
4,3,5339
4,3,5340
4,3,5341
4,3,5342
4,3,5343
4,3,5344
4,3,5345
4,3,5346
4,3,5347
4,3,5348
4,3,5349
4,3,5350
4,3,5351
4,3,5352
4,3,5353
4,3,5354
4,3,5355
4,3,5356
4,3,5357
4,3,5358
4,3,5359
4,3,5360
4,3,5361
4,3,5362
4,3,5363
4,3,5364
4,3,5365
4,3,5366
4,3,5367
4,3,5368
4,3,5369
4,3,5370
4,3,5371
4,3,5372
4,3,5373
4,3,5374
4,3,5375
4,3,5376
4,3,5377
4,3,5378
4,3,5379
4,3,5380
4,3,5381
4,3,5382
4,3,5383
4,3,5384
4,3,5385
4,3,5386
4,3,5387
4,3,5388
4,3,5389
4,3,5390
4,3,5391
4,3,5392
4,3,5393
4,3,5394
4,3,5395
3,3,5396
3,3,5397
3,3,5398
3,3,5399
3,3,5400
3,3,5401
3,3,5402
1,15,5403
1,15,5404
2,2,5405
2,2,5406
2,2,5407
2,2,5408
2,2,5409
2,2,5410
2,2,5411
3,15,5412
1,18,5413
3,3,5414
3,3,5415
3,3,5416
3,3,5417
3,3,5418
3,3,5419
3,3,5420
3,3,5421
1,5,5422
1,18,5422
1,3,5423
4,3,5424
3,4,5425
1,15,5426
1,15,5427
1,18,5428
1,18,5429
1,18,5430
1,4,5431
3,2,5432
2,2,5433
3,2,5434
4,2,5435
2,2,5436
2,2,5437
4,2,5438
3,2,5439
4,2,5439
2,2,5440
3,2,5440
2,2,5441
3,2,5441
2,2,5442
3,2,5442
2,2,5443
3,2,5443
2,2,5444
3,2,5444
2,2,5445
3,2,5445
3,2,5446
3,2,5447
2,3,5448
2,3,5449
2,3,5450
2,3,5451
2,3,5452
2,3,5453
2,3,5454
2,3,5455
2,3,5456
2,3,5457
2,3,5458
2,3,5459
3,3,5460
3,3,5461
3,3,5462
3,3,5463
3,3,5464
2,18,5465
,,
